Message,Message Length,Time Posted,# Likes,# Shares,# Comments,Update Type,Link URL,Post URL
,0,2014-03-21T13:33:06+0000,0,0,0,photo,https://www.facebook.com/ShowMeTheData/photos/a.502294429805897.1073741826.116179865084024/651957864839552/?type=1,https://www.facebook.com/32001855/posts/726145491771
To all my programming friends...I'm working on a new project and could use some advice/help with the backend design. If anyone is interested in learning more about  the project or wants to help just get in touch. Thanks in advance for your help!,43,2013-12-16T15:07:19+0000,1,0,1,status,,https://www.facebook.com/32001855/posts/710235675171
,0,2013-08-31T08:13:42+0000,5,0,0,photo,https://www.facebook.com/photo.php?fbid=10151820834808256&set=at.10151820833448256.1073741828.698958255.32001855&type=1&relevant_count=1,https://www.facebook.com/32001855/posts/687601698841
|Anyone interested in helping to plan, organize, or attend a WBC counter-protest in Boston, please FB message me or e-mail BostonAgainstWBC@gmail.com|,21,2013-04-16T19:53:32+0000,5,0,2,status,,https://www.facebook.com/32001855/posts/663553801021
|The Westboro Baptist Church is planning to protest the funerals and memorial services of those killed in the Boston bombings. Below is a link to 35 times the group was twarted by communties coming together...Anyone interested in helping to plan and action to make sure they get no where near these funerals?
http://www.buzzfeed.com/mjs538/times-we-beat-the-westboro-baptist-church|,53,2013-04-16T19:47:07+0000,5,0,1,link,http://www.buzzfeed.com/mjs538/times-we-beat-the-westboro-baptist-church,https://www.facebook.com/32001855/posts/532645866774842
,0,2012-11-02T23:48:42+0000,0,0,0,photo,https://www.facebook.com/photo.php?fbid=815299760931&set=at.815298822811.2168926.35000790.32001855&type=1&relevant_count=5,
,0,2012-09-26T15:31:10+0000,4,0,1,photo,https://www.facebook.com/photo.php?fbid=3803629649566&set=at.3803628209530.2136759.1242090370.32001855&type=1&relevant_count=1,https://www.facebook.com/32001855/posts/632722941311
,0,2012-05-28T06:04:56+0000,0,0,0,photo,https://www.facebook.com/photo.php?fbid=765574316121&set=at.765572180401.2159551.35000790.32001855&type=1&relevant_count=1,https://www.facebook.com/32001855/posts/618094856111
,0,2012-04-30T00:22:55+0000,0,0,0,photo,https://www.facebook.com/photo.php?fbid=3193525717349&set=at.3193523837302.2123004.1242090370.32001855&type=1&relevant_count=2,
http://www.aljazeera.com/indepth/features/2012/04/201241682318260912.html,1,2012-04-19T04:24:49+0000,0,0,0,link,http://www.aljazeera.com/indepth/features/2012/04/201241682318260912.html,https://www.facebook.com/32001855/posts/360294560687923
,0,2012-03-22T16:12:00+0000,0,0,0,photo,https://www.facebook.com/photo.php?fbid=2984524292444&set=at.2984514612202.2118594.1242090370.32001855&type=1&relevant_count=1,https://www.facebook.com/32001855/posts/605755933411
http://www.pinknews.co.uk/2011/02/25/anonymous-takes-down-god-hates-fags-church-websites/,1,2012-03-16T07:15:31+0000,4,0,0,link,http://www.pinknews.co.uk/2011/02/25/anonymous-takes-down-god-hates-fags-church-websites/,https://www.facebook.com/32001855/posts/132306670229986
|I see, so...|,3,2012-03-15T00:13:19+0000,6,0,0,photo,https://www.facebook.com/photo.php?fbid=604673347921&set=a.524872180101.2040250.32001855&type=1&relevant_count=1,https://www.facebook.com/32001855/posts/604673367881
Pi Day!,2,2012-03-14T19:48:20+0000,2,0,4,status,,https://www.facebook.com/32001855/posts/604642864011
http://technolog.msnbc.msn.com/_news/2012/02/13/10394035-sony-hikes-whitney-houston-album-prices-online?chromedomain=digitallife,1,2012-02-14T02:01:39+0000,0,0,0,link,http://technolog.msnbc.msn.com/_news/2012/02/13/10394035-sony-hikes-whitney-houston-album-prices-online?chromedomain=digitallife,https://www.facebook.com/32001855/posts/300800043309343
NFL Team Loyalty Map http://i.imgur.com/NZX2K.gif,5,2012-02-10T08:17:50+0000,0,0,0,link,http://i.imgur.com/NZX2K.gif,https://www.facebook.com/32001855/posts/330997643612044
Occupy Chick-Fil-A grand opening? I'm sure the riot police are on their way...,13,2012-02-02T01:29:34+0000,2,0,2,photo,https://www.facebook.com/photo.php?fbid=597482663111&set=a.524872180101.2040250.32001855&type=1&relevant_count=1,https://www.facebook.com/32001855/posts/597482693051
,0,2012-02-01T04:49:18+0000,2,0,0,photo,https://www.facebook.com/photo.php?fbid=597333177681&set=a.524872180101.2040250.32001855&type=1&relevant_count=1,https://www.facebook.com/32001855/posts/597333197641
http://interoccupy.org/wp-content/uploads/2012/01/OccupyOakland_Rich_Black.jpeg,1,2012-01-31T21:47:46+0000,0,0,0,link,http://interoccupy.org/wp-content/uploads/2012/01/OccupyOakland_Rich_Black.jpeg,https://www.facebook.com/32001855/posts/353659981319275
http://blog.openmediaboston.org/?q=/2011/12/i-may-have-walked-into-light.html,1,2012-01-26T23:03:23+0000,0,0,1,link,http://blog.openmediaboston.org/?q=%2F2011%2F12%2Fi-may-have-walked-into-light.html,https://www.facebook.com/32001855/posts/356602841034204
|I'll be streaming live from the NH primaries over the next few days. Need as many people watching and in the chat to assist in live fact-checking, designing questions, etc. Follow me on Twitter @ThePhilAnderson to see when I'll be going live. Stream channel is http://www.ustream.tv/channel/thefourthestate|,46,2012-01-07T19:19:20+0000,2,0,1,video,,https://www.facebook.com/32001855/posts/320030218028410
http://www.theatlantic.com/international/archive/2011/12/why-americas-death-penalty-just-got-us-sanctioned-by-europe/250324/,1,2011-12-26T08:48:58+0000,3,0,0,link,http://www.theatlantic.com/international/archive/2011/12/why-americas-death-penalty-just-got-us-sanctioned-by-europe/250324/,https://www.facebook.com/32001855/posts/319384074749062
http://www.guardian.co.uk/environment/2011/dec/22/nigerian-shell-oil-spill,1,2011-12-22T19:28:57+0000,0,0,0,link,http://www.guardian.co.uk/environment/2011/dec/22/nigerian-shell-oil-spill,https://www.facebook.com/32001855/posts/346031808747298
http://canadaonline.about.com/b/2011/11/16/nova-scotia-thanks-boston-with-a-christmas-tree.htm,1,2011-12-14T05:46:47+0000,2,0,0,link,http://canadaonline.about.com/b/2011/11/16/nova-scotia-thanks-boston-with-a-christmas-tree.htm,https://www.facebook.com/32001855/posts/327969117214615
http://www.hws.edu/dailyupdate/NewsDetails.aspx?aid=14906,1,2011-12-14T05:42:17+0000,0,0,1,link,http://www.hws.edu/dailyupdate/NewsDetails.aspx?aid=14906,https://www.facebook.com/32001855/posts/255640024500695
I will be live-tweeting the events taking place at OccupyBoston tonight. Follow @ThePhilAnderson for continuous updates. Follow @Occupy_Boston for more official messages.,22,2011-12-08T23:54:22+0000,1,0,0,status,,https://www.facebook.com/32001855/posts/586349374311
|OccupyBoston GA to discuss plans tonight at 7p. We need everyone at camp to help! Bring a camera. If you need a ride, reply w/ your name + location. We'll try to coordinate.|,33,2011-12-08T23:01:05+0000,0,0,0,status,,https://www.facebook.com/32001855/posts/586341090911
|Menino issues a midnight eviction deadline for OccupyBoston.  If you haven't already, please join the OccupyBoston emergency SMS system.  Text 'OccupyBoston' to 443322.  We'll need as much support as possible in the event of a raid.|,36,2011-12-08T16:15:13+0000,0,0,0,status,,https://www.facebook.com/32001855/posts/586288361581
|With Judge Frances McIntyre having lifted the temporary restraining order preventing the City of Boston from shutting Occupy Boston down, there will be an emergency General Assembly at 7:00pm tonight.

Please attend if you can.|,35,2011-12-07T22:22:20+0000,0,0,5,status,,https://www.facebook.com/32001855/posts/586174619521
http://www.boston.com/Boston/metrodesk/2011/12/judge-rules-against-occupy-boston-denies-preliminary-injunction/yERGTB7e9p2U8V2IQbOqrO/index.html,1,2011-12-07T21:12:20+0000,0,0,0,link,http://www.boston.com/Boston/metrodesk/2011/12/judge-rules-against-occupy-boston-denies-preliminary-injunction/yERGTB7e9p2U8V2IQbOqrO/index.html,https://www.facebook.com/32001855/posts/335986313082448
|http://www.youtube.com/watch?v=dehXioMIKg0&feature=spotlight
|,1,2011-12-05T21:02:30+0000,1,0,0,video,http://www.youtube.com/watch?v=dehXioMIKg0&feature=spotlight,https://www.facebook.com/32001855/posts/157106927723093
http://news.cnet.com/8301-17938_105-57336313-1/flying-robots-build-20-foot-tower-in-france/,1,2011-12-05T05:30:25+0000,2,0,2,link,http://news.cnet.com/8301-17938_105-57336313-1/flying-robots-build-20-foot-tower-in-france/,https://www.facebook.com/32001855/posts/202559989826915
Check out the new website! www.WeCanOccupy.org,6,2011-12-03T18:20:02+0000,3,0,0,status,,https://www.facebook.com/32001855/posts/585431653431
|My interview on NPR's Radio Boston today. Speaking about a new project I started with some friends called www.WeCanOccupy.org 
http://radioboston.wbur.org/2011/12/01/occupy-boston-future|,20,2011-12-02T05:07:22+0000,2,0,3,status,,https://www.facebook.com/32001855/posts/585193635421
My interview on the Emily Rooney show today about OccupyBoston. http://www.wgbh.org/programs/Greater-Boston-11/episodes/Nov-30-2011The-future-of-Occupy-Boston-33392,11,2011-12-01T05:44:28+0000,8,0,4,link,http://www.wgbh.org/programs/Greater-Boston-11/episodes/Nov-30-2011The-future-of-Occupy-Boston-33392,https://www.facebook.com/32001855/posts/100632150055092
Check out the new website! www.WeCanOccupy.org,6,2011-11-30T19:15:35+0000,0,0,0,status,,https://www.facebook.com/32001855/posts/584914145521
Interview with Scott Olsen http://www.youtube.com/watch?v=5n2Aaxe60CY,5,2011-11-29T07:33:56+0000,0,0,0,video,http://www.youtube.com/watch?v=5n2Aaxe60CY,https://www.facebook.com/32001855/posts/166291826803523
To become part of the Occupy Boston emergency SMS(text) service just text 'OccupyBoston' to 443322.  It's a great way to be informed about ways you can help the movement in the event of an emergency.,35,2011-11-29T07:11:45+0000,0,0,0,status,,https://www.facebook.com/32001855/posts/584705358931
http://i.imgur.com/W2Y5u.jpg,1,2011-11-26T07:19:49+0000,0,0,1,link,http://i.imgur.com/W2Y5u.jpg,https://www.facebook.com/32001855/posts/119776671469230
,0,2011-11-23T19:47:39+0000,0,0,1,link,http://unicornbooty.com/blog/2011/11/22/pregnant-occupy-protestor-miscarries-after-being-beaten-pepper-sprayed-by-police/,https://www.facebook.com/32001855/posts/162996420464915
Occupy Best Buy has begun! Time to bust out the pepper spray...http://i.imgur.com/3I7sA.jpg,12,2011-11-23T05:03:57+0000,0,0,2,link,http://i.imgur.com/3I7sA.jpg,https://www.facebook.com/32001855/posts/168966993199717
http://www.youtube.com/watch?v=n2-T6ox_tgM&feature=share,1,2011-11-23T02:34:09+0000,1,0,1,video,http://www.youtube.com/watch?v=n2-T6ox_tgM&feature=share,https://www.facebook.com/32001855/posts/185141891574350
http://gawker.com/5861431/uc-davis-pepper-spray-cop-is-now-a-meme/gallery/6,1,2011-11-21T22:25:38+0000,1,0,0,link,http://gawker.com/5861431/uc-davis-pepper-spray-cop-is-now-a-meme/gallery/6,https://www.facebook.com/32001855/posts/311385572222282
,0,2011-11-17T19:03:00+0000,0,0,0,photo,https://www.facebook.com/photo.php?fbid=582613066901&set=at.577988215141.2069797.32002753.32001855&type=1&relevant_count=1,https://www.facebook.com/32001855/posts/582614733561
For live updates from the 'day of action' in NYC follow me @ThePhilAnderson or @Occupy_Boston...Facebook & www.OccupyBoston.org will also have great info.,22,2011-11-17T11:24:28+0000,0,0,0,status,,https://www.facebook.com/32001855/posts/582563715801
We won our court hearing today! Injunction prohibits police from evicting OccupyBoston from Dewey Square or seizing tents and personal property for 10 days. Officials also ordered to enter mediation with OB.,32,2011-11-16T22:37:06+0000,6,0,0,status,,https://www.facebook.com/32001855/posts/582492139241
,0,2011-11-15T07:40:16+0000,0,0,1,photo,https://www.facebook.com/photo.php?fbid=200725480006077&set=a.180723062006319.44192.178047252273900&type=1,https://www.facebook.com/32001855/posts/217931044944432
,0,2011-11-15T07:20:59+0000,0,0,0,link,https://www.facebook.com/OccupyBoston/posts/200723953339563,https://www.facebook.com/32001855/posts/128717163903909
|Occupy Wall Street being raided, check out the livestream...http://occupywallst.org/|,9,2011-11-15T06:46:11+0000,0,0,0,link,http://occupywallst.org/,https://www.facebook.com/32001855/posts/188364301247552
http://www.bbc.co.uk/news/science-environment-15663982,1,2011-11-11T05:38:17+0000,0,0,0,link,http://www.bbc.co.uk/news/science-environment-15663982,https://www.facebook.com/32001855/posts/301057553255595
|If you support the Occupy Movement and #OccupyBoston in particular, please consider donating to a new project myself and some other occupiers started...www.WeCanOccupy.com.  The site just launched today and is still in V1...already had numerous events held and more interest being shown everyday.  Thanks in advance for any support!|,49,2011-11-02T00:39:27+0000,0,0,0,link,http://www.WeCanOccupy.com/,https://www.facebook.com/32001855/posts/184992521582037
http://www.newyorker.com/online/blogs/newsdesk/2011/10/occupy-boston.html,1,2011-11-01T22:10:18+0000,1,0,0,link,http://www.newyorker.com/online/blogs/newsdesk/2011/10/occupy-boston.html,https://www.facebook.com/32001855/posts/220322061366866
http://www.thecrimson.com/article/2011/10/18/Occupy-Boston-Music-Discourse/,1,2011-11-01T22:09:24+0000,0,0,0,link,http://www.thecrimson.com/article/2011/10/18/Occupy-Boston-Music-Discourse/,https://www.facebook.com/32001855/posts/213683725366386
http://articles.boston.com/2011-10-27/yourtown/30329077_1_crocker-protest-designer,1,2011-11-01T22:08:27+0000,0,0,0,link,http://articles.boston.com/2011-10-27/yourtown/30329077_1_crocker-protest-designer,https://www.facebook.com/32001855/posts/194513360626805
Stay strong #OccupySeattle! If you need anything contact @OccupyBOS_Media. We're here to help.,13,2011-10-13T06:28:29+0000,1,0,1,status,,https://www.facebook.com/32001855/posts/578385513951
http://bostinnovation.com/2011/10/11/why-occupybostons-social-media-presence-is-impossible-to-ignore/,1,2011-10-12T02:11:36+0000,2,0,1,link,http://bostinnovation.com/2011/10/11/why-occupybostons-social-media-presence-is-impossible-to-ignore/,https://www.facebook.com/32001855/posts/226850537375019
Not looking forward to getting pepper sprayed for the first time...,11,2011-10-11T03:04:04+0000,0,0,3,status,,https://www.facebook.com/32001855/posts/578159092701
4th day at #OccupyBoston...waiting for the imminent police action with the other medics. Wish us luck.,16,2011-10-11T03:01:45+0000,1,0,1,status,,https://www.facebook.com/32001855/posts/578158643601
,0,2011-10-09T17:43:34+0000,0,0,0,photo,https://www.facebook.com/photo.php?fbid=577989048471&set=at.577988215141.2069797.32002753.32001855&type=1&relevant_count=1,https://www.facebook.com/32001855/posts/577995829881
,0,2011-10-09T17:43:34+0000,0,0,0,photo,https://www.facebook.com/photo.php?fbid=577989023521&set=at.577988215141.2069797.32002753.32001855&type=1&relevant_count=1,https://www.facebook.com/32001855/posts/577995834871
Heading to the #OccupyBoston general assembly.,6,2011-10-06T23:15:56+0000,1,0,0,status,,https://www.facebook.com/32001855/posts/577795361621
,0,2011-09-25T01:59:49+0000,0,0,0,link,http://www.bbc.co.uk/news/business-14977728,https://www.facebook.com/32001855/posts/114237772016871
http://www.courthousenews.com/2011/09/22/39994.htm,1,2011-09-23T08:19:48+0000,0,0,0,link,http://www.courthousenews.com/2011/09/22/39994.htm,https://www.facebook.com/32001855/posts/224847964238957
This is the most gimmick-ridden debate I have ever watched..."word clouds" are wholly irrelevant and uninformative,16,2011-09-23T01:26:58+0000,2,0,4,status,,https://www.facebook.com/32001855/posts/576457532641
http://www.dephx.com/2010/11/surface-area-required-to-power-whole.html,1,2011-09-21T06:07:24+0000,0,0,0,link,http://www.dephx.com/2010/11/surface-area-required-to-power-whole.html,https://www.facebook.com/32001855/posts/168049249944678
|Witnesses recanting, evidence of police coercion and tampering, lack of physical evidence...Mr. President, please sign an executive order staying the execution of Troy Davis.  You ran your campaign on hope, but at 7pm tomorrow night there will be no hope for Mr. Davis.  With such doubt surrounding his guilt, do the right thing and prevent the execution of a possibly innocent man.|,62,2011-09-21T03:17:59+0000,2,0,0,status,,https://www.facebook.com/32001855/posts/576249903731
,0,2011-09-17T03:28:12+0000,0,0,0,photo,https://www.facebook.com/photo.php?fbid=10100175265947449&set=at.10100175265503339.2523376.1815600.32001855&type=1&relevant_count=1,https://www.facebook.com/32001855/posts/575825903431
,0,2011-09-17T03:27:58+0000,0,0,0,photo,https://www.facebook.com/photo.php?fbid=10100175265922499&set=at.10100175265503339.2523376.1815600.32001855&type=1&relevant_count=1,https://www.facebook.com/32001855/posts/575825898441
,0,2011-09-17T03:27:44+0000,0,0,0,photo,https://www.facebook.com/photo.php?fbid=10100175265832679&set=at.10100175265503339.2523376.1815600.32001855&type=1&relevant_count=1,https://www.facebook.com/32001855/posts/575825818601
,0,2011-09-17T03:26:51+0000,0,0,0,photo,https://www.facebook.com/photo.php?fbid=10100175265548249&set=at.10100175265503339.2523376.1815600.32001855&type=1&relevant_count=1,https://www.facebook.com/32001855/posts/575825738761
,0,2011-09-17T03:20:25+0000,0,0,0,photo,https://www.facebook.com/photo.php?fbid=10100175248557299&set=at.10100175244061309.2523374.1815600.32001855&type=1&relevant_count=1,https://www.facebook.com/32001855/posts/575825304631
,0,2011-09-17T03:18:39+0000,0,0,0,photo,https://www.facebook.com/photo.php?fbid=10100175247095229&set=at.10100175244061309.2523374.1815600.32001855&type=1&relevant_count=1,https://www.facebook.com/32001855/posts/575825159921
,0,2011-09-17T03:17:30+0000,0,0,0,photo,https://www.facebook.com/photo.php?fbid=10100175246471479&set=at.10100175244061309.2523374.1815600.32001855&type=1&relevant_count=1,https://www.facebook.com/32001855/posts/575825065111
,0,2011-09-17T03:17:03+0000,0,0,0,photo,https://www.facebook.com/photo.php?fbid=10100175246266889&set=at.10100175244061309.2523374.1815600.32001855&type=1&relevant_count=1,https://www.facebook.com/32001855/posts/575825005231
,0,2011-09-17T03:15:32+0000,0,0,0,photo,https://www.facebook.com/photo.php?fbid=10100175245827769&set=at.10100175244061309.2523374.1815600.32001855&type=1&relevant_count=1,https://www.facebook.com/32001855/posts/575824870501
,0,2011-09-17T03:15:20+0000,0,0,0,photo,https://www.facebook.com/photo.php?fbid=10100175245717989&set=at.10100175244061309.2523374.1815600.32001855&type=1&relevant_count=1,https://www.facebook.com/32001855/posts/575824860521
,0,2011-09-17T03:14:45+0000,0,0,0,photo,https://www.facebook.com/photo.php?fbid=10100175245493439&set=at.10100175244061309.2523374.1815600.32001855&type=1&relevant_count=1,https://www.facebook.com/32001855/posts/575824835571
,0,2011-09-17T03:14:19+0000,0,0,0,photo,https://www.facebook.com/photo.php?fbid=10100175245124179&set=at.10100175244061309.2523374.1815600.32001855&type=1&relevant_count=1,https://www.facebook.com/32001855/posts/575824765711
,0,2011-09-17T03:14:04+0000,0,0,0,photo,https://www.facebook.com/photo.php?fbid=10100175245069289&set=at.10100175244061309.2523374.1815600.32001855&type=1&relevant_count=1,https://www.facebook.com/32001855/posts/575824725791
,0,2011-09-17T03:13:00+0000,1,0,0,photo,https://www.facebook.com/photo.php?fbid=10100175244340749&set=at.10100175244061309.2523374.1815600.32001855&type=1&relevant_count=1,https://www.facebook.com/32001855/posts/575824640961
http://www.guardian.co.uk/world/2011/sep/03/cia-libya-terror-suspect-renditions,1,2011-09-04T00:24:32+0000,0,0,0,link,http://www.guardian.co.uk/world/2011/sep/03/cia-libya-terror-suspect-renditions,https://www.facebook.com/32001855/posts/142483572513417
http://www.haaretz.com/news/diplomacy-defense/u-s-we-will-stop-aid-to-palestinians-if-un-bid-proceeds-1.380901,1,2011-08-27T01:35:53+0000,0,0,1,link,http://www.haaretz.com/news/diplomacy-defense/u-s-we-will-stop-aid-to-palestinians-if-un-bid-proceeds-1.380901,https://www.facebook.com/32001855/posts/258404950848136
http://www.technologyreview.com/blog/arxiv/27083/?p1=blogs,1,2011-08-23T01:29:37+0000,0,0,0,link,http://www.technologyreview.com/blog/arxiv/27083/?p1=blogs,https://www.facebook.com/32001855/posts/241900559181301
http://www.theblaze.com/stories/oops-china-accidentally-broadcasts-evidence-of-cyber-war-against-u-s/,1,2011-08-22T17:50:28+0000,0,0,0,link,http://www.theblaze.com/stories/oops-china-accidentally-broadcasts-evidence-of-cyber-war-against-u-s/,https://www.facebook.com/32001855/posts/274015772612343
http://blogs.aljazeera.net/liveblog/Libya,1,2011-08-22T00:53:45+0000,0,0,0,link,http://blogs.aljazeera.net/liveblog/Libya,https://www.facebook.com/32001855/posts/274487452568139
http://harpers.org/archive/2011/07/hbc-90008152,1,2011-08-17T22:00:00+0000,0,0,0,link,http://harpers.org/archive/2011/07/hbc-90008152,https://www.facebook.com/32001855/posts/271010532913489
http://gawker.com/5830458/san-francisco-cops-jam-cell-phones-to-prevent-protest,1,2011-08-13T03:16:10+0000,0,0,0,link,http://gawker.com/5830458/san-francisco-cops-jam-cell-phones-to-prevent-protest,https://www.facebook.com/32001855/posts/233218080047353
 http://www.sfgate.com/cgi-bin/article.cgi?f=%2Fc%2Fa%2F2011%2F08%2F08%2FBAO71KKPEC.DTL&type=gaylesbian,1,2011-08-10T04:24:16+0000,0,0,0,link,http://www.sfgate.com/cgi-bin/article.cgi?f=%2Fc%2Fa%2F2011%2F08%2F08%2FBAO71KKPEC.DTL&type=gaylesbian,https://www.facebook.com/32001855/posts/175560005850036
|At $410 per pound, the US debt is equal to 35 billion pounds of peacock feathers.|,16,2011-08-03T23:42:16+0000,2,0,1,status,,https://www.facebook.com/32001855/posts/572429235381
|Never argue with a 90 degree angle, it's always right.|,10,2011-08-03T13:17:23+0000,6,0,1,status,,https://www.facebook.com/32001855/posts/572401111741
|Going slightly crazy at Starbucks listening to a group of mothers talking about creating a 'social justice' group at the local church in one breath, and in the other railing on the 'It Gets Better' campaign, condom distribution in africa and gay marriage...justice indeed.|,44,2011-07-28T19:04:34+0000,4,0,0,status,,https://www.facebook.com/32001855/posts/572062839641
|If your phone's GPS determines it's speed is over 1000mph, it is legally required to shut down as it probably means it is being used to guide a missile.|,29,2011-07-26T17:40:09+0000,2,0,3,status,,https://www.facebook.com/32001855/posts/571904921111
http://www.youtube.com/watch?v=Bb2fTQO31GQ,1,2011-07-24T02:07:43+0000,1,0,2,video,,https://www.facebook.com/32001855/posts/176366065762994
http://www.salon.com/news/opinion/glenn_greenwald/2011/07/23/nyt/index.html,1,2011-07-24T00:28:00+0000,0,0,0,link,http://www.salon.com/news/opinion/glenn_greenwald/2011/07/23/nyt/index.html,https://www.facebook.com/32001855/posts/113827565379840
Just finished building a stone wall and cleaning up tornado debris in Monson with team Conroy.,16,2011-07-23T19:13:23+0000,1,0,0,status,,https://www.facebook.com/32001855/posts/571710181371
http://i.imgur.com/NIF4x.jpg,1,2011-07-22T04:18:08+0000,0,0,3,link,http://i.imgur.com/NIF4x.jpg,https://www.facebook.com/32001855/posts/168615843209091
http://www.youtube.com/watch?v=P0tLbl5LrJ8,1,2011-07-22T04:16:16+0000,0,0,0,video,http://www.youtube.com/watch?v=P0tLbl5LrJ8,https://www.facebook.com/32001855/posts/221904727853914
Murdoch hit in the face with a pie during testimony in parliament.,12,2011-07-19T16:47:25+0000,2,0,1,status,,https://www.facebook.com/32001855/posts/571455307141
http://upload.wikimedia.org/wikipedia/commons/d/d6/MeanMonthlyP.gif,1,2011-07-16T06:14:58+0000,0,0,0,link,http://upload.wikimedia.org/wikipedia/commons/d/d6/MeanMonthlyP.gif,https://www.facebook.com/32001855/posts/128034070616692
Anyone want a Google+ invite?,5,2011-07-15T03:08:26+0000,0,0,1,status,,https://www.facebook.com/32001855/posts/571200063651
http://i.imgur.com/4u6Hc.jpg,1,2011-07-12T02:38:52+0000,0,0,0,link,http://i.imgur.com/4u6Hc.jpg,https://www.facebook.com/32001855/posts/107404472689640
http://www.youtube.com/watch?v=17jymDn0W6U,1,2011-07-08T06:37:57+0000,0,0,0,video,,https://www.facebook.com/32001855/posts/247488911930245
Let's take a look at what the bible has to say about marriage...,13,2011-07-08T01:47:10+0000,2,0,0,photo,https://www.facebook.com/photo.php?fbid=570682850151&set=a.524872180101.2040250.32001855&type=1&relevant_count=1,https://www.facebook.com/32001855/posts/570682860131
Happy 4th of July!!!,4,2011-07-05T03:00:43+0000,0,0,0,status,,https://www.facebook.com/32001855/posts/570485760121
http://www.alternet.org/water/151367/the_un_is_aiding_a_corporate_takeover_of_drinking_water,1,2011-07-05T00:41:41+0000,0,0,0,link,http://www.alternet.org/water/151367/the_un_is_aiding_a_corporate_takeover_of_drinking_water,https://www.facebook.com/32001855/posts/143673789040912
http://www.reuters.com/article/2011/07/04/us-rareearth-japan-idUSTRE76300320110704,1,2011-07-04T04:53:50+0000,0,0,1,link,http://www.reuters.com/article/2011/07/04/us-rareearth-japan-idUSTRE76300320110704,https://www.facebook.com/32001855/posts/235674273118259
http://www.scientificamerican.com/blog/post.cfm?id=france-bans-fracking-2011-06-30,1,2011-07-01T04:28:36+0000,0,0,0,link,http://www.scientificamerican.com/blog/post.cfm?id=france-bans-fracking-2011-06-30,https://www.facebook.com/32001855/posts/248968575118043
http://www.grist.org/cleantech/2011-06-28-google-sasy-delaying-clean-energy-cost-us-trillions,1,2011-06-30T02:20:23+0000,0,0,0,link,http://www.grist.org/cleantech/2011-06-28-google-sasy-delaying-clean-energy-cost-us-trillions,https://www.facebook.com/32001855/posts/245796478768700
http://www.techeye.net/internet/afghans-build-super-cheap-internet,1,2011-06-28T17:05:12+0000,0,0,0,link,http://www.techeye.net/internet/afghans-build-super-cheap-internet,https://www.facebook.com/32001855/posts/134996253246842
http://thinkprogress.org/green/2011/06/25/252591/oil-industry-astroturfing-2012/,1,2011-06-26T23:55:58+0000,0,0,2,link,http://thinkprogress.org/green/2011/06/25/252591/oil-industry-astroturfing-2012/,https://www.facebook.com/32001855/posts/130175783731496
http://thinkprogress.org/security/2011/06/24/253135/half-of-worlds-refugees-are-running-from-u-s-wars/,1,2011-06-24T21:08:43+0000,0,0,0,link,http://thinkprogress.org/security/2011/06/24/253135/half-of-worlds-refugees-are-running-from-u-s-wars/,https://www.facebook.com/32001855/posts/222712591092862
What would the founding fathers say about Islam? Well...Thomas Jefferson taught himself Arabic using his personal copy of the Quran and hosted the first Whitehouse Iftar during Ramadan.  Got that Palin?,31,2011-06-14T13:47:43+0000,2,0,2,status,,https://www.facebook.com/32001855/posts/564309662071
,0,2011-06-10T03:00:30+0000,0,0,0,photo,https://www.facebook.com/photo.php?fbid=564032412681&set=at.524872180101.2040250.32001855.32001855&type=1&relevant_count=3,
,0,2011-06-10T02:58:12+0000,0,0,0,photo,https://www.facebook.com/photo.php?fbid=564032412681&set=a.524872180101.2040250.32001855&type=1&relevant_count=1,https://www.facebook.com/32001855/posts/564032422661
,0,2011-06-10T02:57:30+0000,0,0,0,photo,https://www.facebook.com/photo.php?fbid=564032362781&set=a.524872180101.2040250.32001855&type=1&relevant_count=1,https://www.facebook.com/32001855/posts/564032372761
Dave's graduation,2,2011-06-10T02:56:56+0000,1,0,0,photo,https://www.facebook.com/photo.php?fbid=564032322861&set=a.524872180101.2040250.32001855&type=1&relevant_count=1,https://www.facebook.com/32001855/posts/564032332841
Thanks for all the birthday wishes!,6,2011-06-06T17:55:01+0000,0,0,3,status,,https://www.facebook.com/32001855/posts/563779424671
My brother just graduated from MIT!,6,2011-06-03T17:28:22+0000,5,0,1,status,,https://www.facebook.com/32001855/posts/563590468341
Funnel cloud touching down a few houses up the street from me...,12,2011-06-01T22:21:23+0000,0,0,0,status,,https://www.facebook.com/32001855/posts/563487883921
We must never lose our sense of awe at the marvelousness of our planet.,14,2011-05-26T20:14:36+0000,3,0,0,status,,https://www.facebook.com/32001855/posts/563136453191
If Kate Middleton's wedding dress had been hiding with Bin Laden the paparazzi would have hunted him down ages ago.,20,2011-05-03T01:03:00+0000,6,0,3,status,,https://www.facebook.com/32001855/posts/561074111141
|Happy oil spill anniversary...One year later and thousands have still not been paid, oil is still sullying hundreds of miles of coastline, thick coatings of disperant/oil found on the ocean floor, animals dying by the tens of thousands, hundreds of people are sick, cover-ups are rampant and no one is in jail. F**k BP.|,54,2011-04-20T05:36:53+0000,1,0,0,status,,https://www.facebook.com/32001855/posts/560365985231
|"The US budget is like a 1st grader playing Oregon Trail.  Spend all the money on ammunition so you can shoot at stuff, then wonder why your wagon is falling apart and everyone is dying of Dysentary"--stolen from Reddit|,39,2011-04-09T00:19:42+0000,5,0,0,status,,https://www.facebook.com/32001855/posts/559759715201
"Socialism never took root in America because the poor see themselves not as an exploited proletariat but as temporarily embarrassed millionaires." John Steinbeck,23,2011-03-21T17:01:16+0000,4,0,0,status,,https://www.facebook.com/32001855/posts/549526253141
Happy Pi Day!,3,2011-03-14T22:09:17+0000,0,0,2,status,,https://www.facebook.com/32001855/posts/549184273471
|Let's show some support for those currently demanding freedom in Iran, Algeria, Egypt and Tunisia.|,15,2011-02-14T19:49:49+0000,3,0,4,status,,https://www.facebook.com/32001855/posts/181489451892448
So Palin and crew are feeling unjustly blamed for the actions of an extremist.  Maybe they can ask Muslims for advice on how to deal with that.,27,2011-01-11T18:25:25+0000,14,0,0,status,,https://www.facebook.com/32001855/posts/101532279921707
"The hidden hand of the market will never work without the hidden fist. McDonald's cannot flourish without McDonnell Douglas...",19,2010-12-30T00:36:40+0000,0,0,0,status,,https://www.facebook.com/32001855/posts/134840163243361
Happy holidays everyone!,3,2010-12-25T21:44:19+0000,0,0,0,status,,https://www.facebook.com/32001855/posts/113729912033373
http://indepthafrica.com/world-news/the-9-most-shocking-wikileaks-secrets/?sms_ss=reddit&at_xt=4d14dd2176a8c109%2C0,1,2010-12-24T19:55:36+0000,0,0,0,link,http://indepthafrica.com/world-news/the-9-most-shocking-wikileaks-secrets/?sms_ss=reddit&at_xt=4d14dd2176a8c109%2C0,https://www.facebook.com/32001855/posts/180090705351569
http://www.crikey.com.au/2010/12/13/funding-illegal-israeli-settlements-priceless/,1,2010-12-19T20:40:42+0000,0,0,0,link,http://www.crikey.com.au/2010/12/13/funding-illegal-israeli-settlements-priceless/,https://www.facebook.com/32001855/posts/138401342885175
Manning deserves better than this...,5,2010-12-15T17:49:51+0000,0,0,1,link,http://www.salon.com/news/opinion/glenn_greenwald/2010/12/14/manning,https://www.facebook.com/32001855/posts/138236829563378
Jets who?,2,2010-12-07T04:22:50+0000,2,0,0,status,,https://www.facebook.com/32001855/posts/150234475024026
Sarah Palin thinks Julian Assange should be "hunted down with the same urgency we pursue Al Qaeda and Taliban leaders."  I guess that means he's safe for a decade at least.,31,2010-11-30T18:01:10+0000,6,0,1,status,,https://www.facebook.com/32001855/posts/145881235463987
If terrorists hate us for our freedom...does that mean they're starting to like us?,14,2010-11-24T00:05:01+0000,2,0,0,status,,https://www.facebook.com/32001855/posts/152265848152556
"Dear future generations: Please accept our apologies. We were rolling drunk on petroleum." -- Kurt Vonnegut,16,2010-11-09T16:46:04+0000,6,0,0,status,,https://www.facebook.com/32001855/posts/171571212868475
The Huffington Post will soon be releasing a print edition featuring articles ripped out of other newspapers...,17,2010-10-19T18:19:31+0000,0,0,0,status,,https://www.facebook.com/32001855/posts/151146588262058
http://www.slate.com/id/2268872/,1,2010-09-29T06:35:06+0000,1,0,0,link,http://www.slate.com/id/2268872/,https://www.facebook.com/32001855/posts/118035948252500
http://www.michaelmoore.com/words/mike-friends-blog/if-mosque-isnt-built-no-longer-america,1,2010-09-12T00:15:15+0000,0,0,0,link,http://www.michaelmoore.com/words/mike-friends-blog/if-mosque-isnt-built-no-longer-america,https://www.facebook.com/32001855/posts/149757728392413
|David Attenborough and Richard Dawkins interview eachother...

http://www.guardian.co.uk/science/2010/sep/11/science-david-attenborough-richard-dawkins|,8,2010-09-11T15:36:06+0000,2,0,0,link,http://www.guardian.co.uk/science/2010/sep/11/science-david-attenborough-richard-dawkins,https://www.facebook.com/32001855/posts/146157955421965
What does this mean? It's starting to look like a triple rainbow!,12,2010-09-10T23:19:07+0000,0,0,0,status,,https://www.facebook.com/32001855/posts/113211298735034
|"Das war ein Vorspiel nur, dort wo man Bcher verbrennt, verbrennt man am Ende auch Menschen."
-Heinrich Heine, 1821|,19,2010-09-09T21:43:10+0000,0,0,0,status,,https://www.facebook.com/32001855/posts/107397862652997
http://en.wikipedia.org/wiki/English_words_with_uncommon_properties,1,2010-09-05T05:14:57+0000,0,0,0,link,http://en.wikipedia.org/wiki/English_words_with_uncommon_properties,https://www.facebook.com/32001855/posts/116027785117463
,0,2010-08-17T13:45:12+0000,3,0,1,photo,https://www.facebook.com/photo.php?fbid=410219427503&set=at.410218067503.182483.503677503.32001855&type=1&relevant_count=1,https://www.facebook.com/32001855/posts/538923081981
,0,2010-08-17T13:16:36+0000,0,0,0,photo,https://www.facebook.com/photo.php?fbid=410219322503&set=at.410218067503.182483.503677503.32001855&type=1&relevant_count=2,
|Due to the number of American deaths it has caused, I can not support the building of a McDonalds near ground-zero|,21,2010-08-16T22:30:55+0000,6,0,0,status,,https://www.facebook.com/32001855/posts/106929752697728
Maine for the weekend...,4,2010-08-06T13:03:34+0000,0,0,1,status,,https://www.facebook.com/32001855/posts/146260832067216
http://www.youtube.com/watch?v=uXsmLMV1CrM,1,2010-07-04T18:41:06+0000,0,0,2,video,http://www.youtube.com/watch?v=uXsmLMV1CrM,https://www.facebook.com/32001855/posts/140889629256834
http://www.naturalnews.com/029130_Gulf_of_Mexico_censorship.html,1,2010-07-04T18:40:23+0000,0,0,0,link,http://www.naturalnews.com/029130_Gulf_of_Mexico_censorship.html,https://www.facebook.com/32001855/posts/139758559369660
The first casualty of war (or in this case a BP oil gusher) is the truth...,16,2010-07-04T18:40:00+0000,0,0,0,status,,https://www.facebook.com/32001855/posts/135104426513656
http://www.economist.com/node/16163154?story_id=16163154&,1,2010-06-13T18:19:52+0000,2,0,1,link,http://www.economist.com/node/16163154?story_id=16163154&,https://www.facebook.com/32001855/posts/124707774233613
Hiking in the Berkshires for the weekend. Thanks for the birthday wishes!,12,2010-06-04T20:55:38+0000,0,0,0,status,,https://www.facebook.com/32001855/posts/126845034005315
,0,2010-06-03T05:18:05+0000,0,0,0,photo,https://www.facebook.com/photo.php?fbid=1156352501294&set=at.1156348741200.24008.1002163293.32001855&type=1&relevant_count=1,
,0,2010-04-24T21:42:38+0000,0,0,0,photo,https://www.facebook.com/photo.php?fbid=534395754781&set=at.534394731831.2049117.32003107.32001855&type=1&relevant_count=5,
|Text HAITI to "20222" and $10 will be donated to relief efforts, charged to your cell phone bill. The people of Haiti need our support now more than ever.|,29,2010-01-15T00:16:25+0000,0,0,0,status,,https://www.facebook.com/32001855/posts/253968981926
A Capitol Christmas... http://www.theatlantic.com/doc/200912u/senate-healthcare-vote,4,2009-12-25T01:43:49+0000,0,0,0,status,,https://www.facebook.com/32001855/posts/221559843865
|"For all those whose cares have been our concern, the work goes on, the cause endures, the hope still lives and the dream will never die." R.I.P Senator Ted Kennedy|,30,2009-08-26T19:54:53+0000,0,0,0,status,,https://www.facebook.com/32001855/posts/281560100416
,0,2009-08-06T17:32:49+0000,1,0,0,photo,https://www.facebook.com/photo.php?fbid=101746846503777&set=at.101515549860240.3557.100000053859632.32001855&type=1&relevant_count=1,
,0,2009-06-27T18:34:33+0000,0,0,0,photo,https://www.facebook.com/photo.php?fbid=524872185091&set=a.524872180101.2040250.32001855&type=1&relevant_count=1,https://www.facebook.com/32001855/posts/524872195071
,0,2009-06-24T12:38:46+0000,0,0,0,photo,https://www.facebook.com/photo.php?fbid=1153836718401&set=at.1153832798303.23589.1002163293.32001855&type=1&relevant_count=1,
,0,2009-06-20T05:34:55+0000,0,0,0,link,http://www.dailykostv.com/w/001852/,https://www.facebook.com/32001855/posts/94439756316
,0,2009-06-05T04:35:19+0000,0,0,0,link,http://correspondents.theatlantic.com/conor_clarke/2009/06/what_socialism_looks_like.php,https://www.facebook.com/32001855/posts/99939214040
,0,2009-05-12T12:57:04+0000,0,0,0,photo,https://www.facebook.com/photo.php?fbid=1156325660623&set=at.1153839878480.23591.1002163293.32001855&type=1&relevant_count=1,
,0,2009-05-09T19:46:21+0000,0,0,0,photo,https://www.facebook.com/photo.php?fbid=204811095264&set=at.204808760264.250440.894715264.32001855&type=1&relevant_count=7,
,0,2009-05-07T02:14:31+0000,0,0,0,photo,https://www.facebook.com/photo.php?fbid=1153828798203&set=at.1153825798128.23588.1002163293.32001855&type=1&relevant_count=4,
,0,2009-05-07T02:05:48+0000,0,0,0,photo,https://www.facebook.com/photo.php?fbid=523331347941&set=at.523109148231.2038183.32001855.32001855&type=1&relevant_count=2,
,0,2009-05-06T13:50:52+0000,0,0,0,photo,https://www.facebook.com/photo.php?fbid=77819601190&set=at.77818441190.86298.517396190.32001855&type=1&relevant_count=3,
,0,2009-05-02T13:07:32+0000,0,0,6,photo,https://www.facebook.com/photo.php?fbid=176521160292&set=at.176516620292.248460.761940292.32001855&type=1&relevant_count=1,https://www.facebook.com/32001855/posts/523173264741
,0,2009-04-30T02:00:44+0000,0,0,0,photo,https://www.facebook.com/photo.php?fbid=523107421691&set=at.523107032471.2038181.32001855.32001855&type=1&relevant_count=15,
,0,2009-04-30T02:00:43+0000,0,0,0,photo,https://www.facebook.com/photo.php?fbid=523110460601&set=a.523109148231.2038183.32001855&type=1&relevant_count=35,https://www.facebook.com/32001855/posts/523110829861
,0,2009-04-30T01:11:52+0000,0,0,0,photo,https://www.facebook.com/photo.php?fbid=523107446641&set=a.523107032471.2038181.32001855&type=1&relevant_count=40,https://www.facebook.com/32001855/posts/523108279971
,0,2009-04-28T08:27:19+0000,0,0,0,photo,https://www.facebook.com/photo.php?fbid=77824386190&set=at.77824221190.86303.517396190.32001855&type=1&relevant_count=1,
,0,2009-04-23T09:38:18+0000,0,0,0,photo,https://www.facebook.com/photo.php?fbid=77819526190&set=at.77818441190.86298.517396190.32001855&type=1&relevant_count=2,
,0,2009-03-12T12:10:40+0000,0,0,0,link,http://rawstory.com/news/2008/Hersh_US_has_been_running_executive_0311.html,https://www.facebook.com/32001855/posts/139657735310
is in Sri Lanka...,4,2009-02-16T11:28:25+0000,0,0,2,status,,https://www.facebook.com/32001855/posts/55639306745
,0,2009-02-08T01:57:01+0000,0,0,0,link,http://www.guardian.co.uk/world/2009/feb/04/guantanamo-torture,https://www.facebook.com/32001855/posts/49252408190
pimpin mad hoes hollaaaa,4,2007-10-16T04:37:49+0000,0,0,0,status,,https://www.facebook.com/32001855/posts/554172831361
,0,2007-02-27T23:05:45+0000,0,0,0,photo,https://www.facebook.com/photo.php?fbid=503232785621&set=at.503082401991.2012765.32000070.32001855&type=1&relevant_count=5,
,0,2006-11-12T22:32:08+0000,0,0,0,photo,https://www.facebook.com/photo.php?fbid=504348868981&set=at.503114472721.2008839.32001740.32001855&type=1&relevant_count=1,
